{
  "all_raw_results": [
    {
      "behavior_uid": "db7b7687d04b8cbe", 
      "cpu_freqs_after": [
        {
          "0": 1586, 
          "1": 1586, 
          "2": 1586, 
          "3": 1586, 
          "4": 1586, 
          "5": 1586, 
          "6": 1586, 
          "7": 1586
        }
      ], 
      "cpu_freqs_before": [
        {
          "0": 1586, 
          "1": 1586, 
          "2": 1586, 
          "3": 1586, 
          "4": 1586, 
          "5": 1586, 
          "6": 1586, 
          "7": 1586
        }
      ], 
      "image_height": 3528, 
      "image_width": 3024, 
      "prediction": "mouse (511): 0.976878\nlampshade (814): 0.00332727\nbullet train (887): 0.000824482\ntable lamp (304): 0.000816959\ncrash helmet (778): 0.000695155\n", 
      "time": [
        3574, 
        3545, 
        3536
      ], 
      "user": "anton.lokhmotov@gmail.com", 
      "xopenme": {}
    }, 
    {
      "behavior_uid": "5bd0fa1150abb92e", 
      "cpu_freqs_after": [
        {
          "0": 1586, 
          "1": 1586, 
          "2": 1586, 
          "3": 1586, 
          "4": 1586, 
          "5": 1586, 
          "6": 1586, 
          "7": 1586
        }, 
        {
          "0": 1586, 
          "1": 1586, 
          "2": 1586, 
          "3": 1586, 
          "4": 1586, 
          "5": 1586, 
          "6": 1586, 
          "7": 1586
        }
      ], 
      "cpu_freqs_before": [
        {
          "0": 1586, 
          "1": 1586, 
          "2": 1586, 
          "3": 1586, 
          "4": 1586, 
          "5": 1586, 
          "6": 1586, 
          "7": 1586
        }, 
        {
          "0": 1586, 
          "1": 1586, 
          "2": 1586, 
          "3": 1586, 
          "4": 1586, 
          "5": 1586, 
          "6": 1586, 
          "7": 1586
        }
      ], 
      "image_height": 3024, 
      "image_width": 4032, 
      "prediction": "0.9835 - \"n03793489 mouse, computer mouse\"\n0.0042 - \"n04548280 wall clock\"\n0.0015 - \"n03532672 hook, claw\"\n0.0013 - \"n02988304 CD player\"\n0.0013 - \"n04317175 stethoscope\"\n", 
      "time": [
        106655, 
        42699, 
        13237, 
        13331, 
        42450, 
        38369
      ], 
      "user": "anton.lokhmotov@gmail.com", 
      "xopenme": {
        "execution_time": [
          60.269205, 
          36.304973, 
          7.056103, 
          6.943825, 
          19.296029, 
          11.598727
        ], 
        "execution_time_kernel_0": [
          60.269205, 
          36.304973, 
          7.056103, 
          6.943825, 
          19.296029, 
          11.598727
        ], 
        "execution_time_kernel_1": [
          0.891606, 
          0.895699, 
          0.9112, 
          0.893658, 
          17.743878, 
          0.894018
        ], 
        "execution_time_kernel_2": [
          45.234131, 
          5.342971, 
          5.066797, 
          5.234701, 
          5.187303, 
          6.511983
        ]
      }
    }
  ], 
  "meta": {
    "cpu_abi": "armeabi-v7a", 
    "cpu_name": "0x41-8-0x0-0xd03-4", 
    "cpu_uid": "143de98987a30459", 
    "crowd_uid": "a7340ffbefcb5923", 
    "engine": "Caffe CPU", 
    "gpgpu_name": "", 
    "gpgpu_uid": "", 
    "gpu_name": "ARM Mali-T830", 
    "gpu_uid": "cd4f4a81a14cb70f", 
    "model": "BVLC AlexNet", 
    "os_name": "Android 6.0.1", 
    "os_uid": "3285b3153a9a4ea4", 
    "plat_name": "SAMSUNG SM-T580", 
    "platform_uid": "430599e08ace483c"
  }
}
