{
  "all_raw_results": [
    {
      "behavior_uid": "25546af975567ba9", 
      "cpu_freqs_after": [
        {
          "0": 1996.8, 
          "1": 1996.8, 
          "2": 2150.4, 
          "3": 2150.4
        }
      ], 
      "cpu_freqs_before": [
        {
          "0": 1996.8, 
          "1": 1996.8, 
          "2": 2150.4, 
          "3": 2150.4
        }
      ], 
      "image_height": 3024, 
      "image_width": 4032, 
      "prediction": "0.9835 - \"n03793489 mouse, computer mouse\"\n0.0042 - \"n04548280 wall clock\"\n0.0015 - \"n03532672 hook, claw\"\n0.0013 - \"n02988304 CD player\"\n0.0013 - \"n04317175 stethoscope\"\n", 
      "time": [
        5973, 
        5530, 
        5293
      ], 
      "user": "", 
      "xopenme": {
        "execution_time": [
          4.983818, 
          4.651741, 
          4.457416
        ], 
        "execution_time_kernel_0": [
          4.983818, 
          4.651741, 
          4.457416
        ], 
        "execution_time_kernel_1": [
          0.289578, 
          0.281889, 
          0.280333
        ], 
        "execution_time_kernel_2": [
          0.5434, 
          0.459978, 
          0.420619
        ]
      }
    }, 
    {
      "behavior_uid": "a60d5ff3c4b3ab41", 
      "cpu_freqs_after": [
        {
          "0": 1996.8, 
          "1": 1996.8, 
          "2": 2150.4, 
          "3": 2150.4
        }
      ], 
      "cpu_freqs_before": [
        {
          "0": 1996.8, 
          "1": 1996.8, 
          "2": 2150.4, 
          "3": 2150.4
        }
      ], 
      "image_height": 2100, 
      "image_width": 1512, 
      "prediction": "0.1566 - \"n03814639 neck brace\"\n0.1476 - \"n03630383 lab coat, laboratory coat\"\n0.0926 - \"n04370456 sweatshirt\"\n0.0662 - \"n02883205 bow tie, bow-tie, bowtie\"\n0.0608 - \"n04162706 seat belt, seatbelt\"\n", 
      "time": [
        7636, 
        6780, 
        7214
      ], 
      "user": "", 
      "xopenme": {
        "execution_time": [
          5.978628, 
          5.667057, 
          5.69088
        ], 
        "execution_time_kernel_0": [
          5.978628, 
          5.667057, 
          5.69088
        ], 
        "execution_time_kernel_1": [
          0.077008, 
          0.076886, 
          0.073508
        ], 
        "execution_time_kernel_2": [
          1.449396, 
          0.885771, 
          1.303263
        ]
      }
    }, 
    {
      "behavior_uid": "1b96e443ba82096d", 
      "cpu_freqs_after": [
        {
          "0": 1996.8, 
          "1": 1996.8, 
          "2": 2150.4, 
          "3": 2150.4
        }
      ], 
      "cpu_freqs_before": [
        {
          "0": 1996.8, 
          "1": 1996.8, 
          "2": 2150.4, 
          "3": 2150.4
        }
      ], 
      "image_height": 3000, 
      "image_width": 3500, 
      "prediction": "0.1133 - \"n03642806 laptop, laptop computer\"\n0.0758 - \"n03782006 monitor\"\n0.0743 - \"n03832673 notebook, notebook computer\"\n0.0612 - \"n04152593 screen, CRT screen\"\n0.0476 - \"n03180011 desktop computer\"\n", 
      "time": [
        7160, 
        7416, 
        5846
      ], 
      "user": "", 
      "xopenme": {
        "execution_time": [
          5.648512, 
          5.560571, 
          4.483525
        ], 
        "execution_time_kernel_0": [
          5.648512, 
          5.560571, 
          4.483525
        ], 
        "execution_time_kernel_1": [
          0.247874, 
          0.24475, 
          0.246421
        ], 
        "execution_time_kernel_2": [
          1.105271, 
          1.445466, 
          0.958635
        ]
      }
    }
  ], 
  "meta": {
    "cpu_abi": "arm64-v8a", 
    "cpu_name": "Qualcomm Technologies, Inc MSM8996pro", 
    "cpu_uid": "463912cc4548cfa5", 
    "crowd_uid": "a7340ffbefcb5923", 
    "engine": "Caffe CPU", 
    "gpgpu_name": "", 
    "gpgpu_uid": "", 
    "gpu_name": "Qualcomm Adreno (TM) 530", 
    "gpu_uid": "47a7bfca16923990", 
    "model": "BVLC AlexNet", 
    "os_name": "Android 6.0.1", 
    "os_uid": "3285b3153a9a4ea4", 
    "plat_name": "XIAOMI MI 5S", 
    "platform_uid": ""
  }
}
