{
  "all_raw_results": [
    {
      "behavior_uid": "94800fb4b03b2e4a", 
      "cpu_freqs_after": [
        {
          "0": 1586, 
          "1": 1586, 
          "2": 1586, 
          "3": 1586, 
          "4": 1586, 
          "5": 1586, 
          "6": 1586, 
          "7": 1586
        }
      ], 
      "cpu_freqs_before": [
        {
          "0": 1586, 
          "1": 1586, 
          "2": 1586, 
          "3": 1586, 
          "4": 1586, 
          "5": 1586, 
          "6": 1586, 
          "7": 1586
        }
      ], 
      "image_height": 3528, 
      "image_width": 3024, 
      "prediction": "---------- Prediction for /storage/emulated/0/openscience/data/4a6e91d75d682cec/demo/mouse1.jpg ----------\n0.6321 - \"n03793489 mouse, computer mouse\"\n0.0867 - \"n01930112 nematode, nematode worm, roundworm\"\n0.0762 - \"n04317175 stethoscope\"\n0.0285 - \"n04286575 spotlight, spot\"\n0.0201 - \"n02988304 CD player\"\n", 
      "time": [
        4326, 
        3746, 
        3307
      ], 
      "user": "anton.lokhmotov@gmail.com", 
      "xopenme": {
        "execution_time": [
          0.184462, 
          0.186653, 
          0.188808
        ], 
        "execution_time_kernel_0": [
          0.184462, 
          0.186653, 
          0.188808
        ], 
        "execution_time_kernel_1": [
          0.65783, 
          0.70406, 
          0.665083
        ], 
        "execution_time_kernel_2": [
          3.378301, 
          2.76476, 
          2.335922
        ]
      }
    }, 
    {
      "behavior_uid": "7b54b626b7015178", 
      "cpu_freqs_after": [
        {
          "0": 1586, 
          "1": 1586, 
          "2": 1586, 
          "3": 1586, 
          "4": 1586, 
          "5": 1586, 
          "6": 1586, 
          "7": 1586
        }
      ], 
      "cpu_freqs_before": [
        {
          "0": 1586, 
          "1": 1586, 
          "2": 1586, 
          "3": 1586, 
          "4": 1586, 
          "5": 1586, 
          "6": 1586, 
          "7": 1586
        }
      ], 
      "image_height": 3024, 
      "image_width": 4032, 
      "prediction": "0.9003 - \"n03793489 mouse, computer mouse\"\n0.0118 - \"n03929660 pick, plectrum, plectron\"\n0.0081 - \"n04317175 stethoscope\"\n0.0058 - \"n04548280 wall clock\"\n0.0058 - \"n04286575 spotlight, spot\"\n", 
      "time": [
        4765, 
        3376, 
        3303
      ], 
      "user": "anton.lokhmotov@gmail.com", 
      "xopenme": {
        "execution_time": [
          0.730248, 
          0.208645, 
          0.187297
        ], 
        "execution_time_kernel_0": [
          0.730248, 
          0.208645, 
          0.187297
        ], 
        "execution_time_kernel_1": [
          0.934917, 
          0.925818, 
          0.963557
        ], 
        "execution_time_kernel_2": [
          2.998775, 
          2.147496, 
          2.056877
        ]
      }
    }
  ], 
  "meta": {
    "cpu_abi": "armeabi-v7a", 
    "cpu_name": "0x41-8-0x0-0xd03-4", 
    "cpu_uid": "143de98987a30459", 
    "crowd_uid": "23447d7af493de68", 
    "engine": "Caffe CPU", 
    "gpgpu_name": "", 
    "gpgpu_uid": "", 
    "gpu_name": "ARM Mali-T830", 
    "gpu_uid": "cd4f4a81a14cb70f", 
    "model": "DeepScale SqueezeNet 1.1", 
    "os_name": "Android 6.0.1", 
    "os_uid": "3285b3153a9a4ea4", 
    "plat_name": "SAMSUNG SM-T580", 
    "platform_uid": "430599e08ace483c"
  }
}
