{
  "all_raw_results": [
    {
      "behavior_uid": "c9a6044378b422f2", 
      "cpu_freqs_after": [
        {
          "0": 1305.6, 
          "1": 1305.6, 
          "2": 1305.6, 
          "3": 1305.6, 
          "4": 1708.8, 
          "5": 1708.8, 
          "6": 1708.8, 
          "7": 1708.8
        }, 
        {
          "0": 1305.6, 
          "1": 1305.6, 
          "2": 1305.6, 
          "3": 1305.6, 
          "4": 1708.8, 
          "5": 1708.8, 
          "6": 1708.8, 
          "7": 1708.8
        }
      ], 
      "cpu_freqs_before": [
        {
          "0": 1305.6, 
          "1": 1305.6, 
          "2": 1305.6, 
          "3": 1305.6, 
          "4": 1708.8, 
          "5": 1708.8, 
          "6": 1708.8, 
          "7": 1708.8
        }, 
        {
          "0": 1305.6, 
          "1": 1305.6, 
          "2": 1305.6, 
          "3": 1305.6, 
          "4": 1708.8, 
          "5": 1708.8, 
          "6": 1708.8, 
          "7": 1708.8
        }
      ], 
      "image_height": 3024, 
      "image_width": 4032, 
      "prediction": "---------- Prediction for /sdcard/openscience/data/4a6e91d75d682cec/demo/mouse1.jpg ----------\n0.9003 - \"n03793489 mouse, computer mouse\"\n0.0118 - \"n03929660 pick, plectrum, plectron\"\n0.0081 - \"n04317175 stethoscope\"\n0.0058 - \"n04548280 wall clock\"\n0.0058 - \"n04286575 spotlight, spot\"\n", 
      "time": [
        7809, 
        6917, 
        6599, 
        5590, 
        5794, 
        5703
      ], 
      "user": "", 
      "xopenme": {
        "execution_time": [
          0.20974, 
          0.18533, 
          0.187901, 
          0.229306, 
          0.204202, 
          0.190473
        ], 
        "execution_time_kernel_0": [
          0.20974, 
          0.18533, 
          0.187901, 
          0.229306, 
          0.204202, 
          0.190473
        ], 
        "execution_time_kernel_1": [
          0.660257, 
          0.68838, 
          0.672126, 
          0.700788, 
          0.661823, 
          0.659311
        ], 
        "execution_time_kernel_2": [
          6.77191, 
          5.884448, 
          5.569148, 
          4.48691, 
          4.737068, 
          4.671492
        ]
      }
    }
  ], 
  "meta": {
    "cpu_abi": "armeabi-v7a", 
    "cpu_name": "Hisilicon Kirin 920", 
    "cpu_uid": "ab1499386cc2c3ac", 
    "crowd_uid": "97fd474c94b90ed3", 
    "engine": "Caffe CPU", 
    "gpgpu_name": "", 
    "gpgpu_uid": "", 
    "gpu_name": "ARM Mali-T624", 
    "gpu_uid": "554c4d8470ff099c", 
    "model": "DeepScale SqueezeNet 1.1", 
    "os_name": "Android 5.1.1", 
    "os_uid": "95e9c142c9bc0ebd", 
    "plat_name": "HUAWEI H60-L02", 
    "platform_uid": "0f2b14eee95a6e9e"
  }
}
