{
  "all_raw_results": [
    {
      "behavior_uid": "f81941b3bb763581", 
      "cpu_freqs_after": [
        {
          "0": 1586, 
          "1": 1586, 
          "2": 1586, 
          "3": 1586, 
          "4": 1586, 
          "5": 1586, 
          "6": 1586, 
          "7": 1586
        }, 
        {
          "0": 1586, 
          "1": 1586, 
          "2": 1586, 
          "3": 1586, 
          "4": 1586, 
          "5": 1586, 
          "6": 1586, 
          "7": 1586
        }
      ], 
      "cpu_freqs_before": [
        {
          "0": 1586, 
          "1": 1586, 
          "2": 1586, 
          "3": 1586, 
          "4": 1586, 
          "5": 1586, 
          "6": 1586, 
          "7": 1586
        }, 
        {
          "0": 1586, 
          "1": 1586, 
          "2": 1586, 
          "3": 1586, 
          "4": 1586, 
          "5": 1586, 
          "6": 1586, 
          "7": 1586
        }
      ], 
      "image_height": 3024, 
      "image_width": 4032, 
      "prediction": "0.9984 - \"mouse (511)\"\n0.0001 - \"spotlight (593)\"\n0.0001 - \"lampshade (814)\"\n0.0001 - \"mousetrap (599)\"\n0.0000 - \"crash helmet (778)\"\n", 
      "time": [
        5133, 
        5303, 
        5149, 
        5342, 
        5381, 
        5162
      ], 
      "user": "anton.lokhmotov@gmail.com", 
      "xopenme": {
        "execution_time": [
          2.755597, 
          2.759825, 
          2.765576, 
          2.819596, 
          2.824201, 
          2.808475
        ], 
        "execution_time_kernel_0": [
          2.755597, 
          2.759825, 
          2.765576, 
          2.819596, 
          2.824201, 
          2.808475
        ], 
        "execution_time_kernel_1": [
          0, 
          0, 
          0, 
          0, 
          0, 
          0
        ], 
        "execution_time_kernel_2": [
          2.180565, 
          2.311838, 
          2.166188, 
          2.303778, 
          2.293089, 
          2.122674
        ]
      }
    }
  ], 
  "meta": {
    "cpu_abi": "armeabi-v7a", 
    "cpu_name": "0x41-8-0x0-0xd03-4", 
    "cpu_uid": "143de98987a30459", 
    "crowd_uid": "8ea63e841698f4ad", 
    "engine": "TensorFlow CPU", 
    "gpgpu_name": "", 
    "gpgpu_uid": "", 
    "gpu_name": "ARM Mali-T830", 
    "gpu_uid": "cd4f4a81a14cb70f", 
    "model": "Inception Imagenet 20151205", 
    "os_name": "Android 6.0.1", 
    "os_uid": "3285b3153a9a4ea4", 
    "plat_name": "SAMSUNG SM-T580", 
    "platform_uid": "430599e08ace483c"
  }
}
