{
  "all_raw_results": [
    {
      "behavior_uid": "1aa38f5b8f9a7a37", 
      "cpu_freqs_after": [
        {
          "0": 1593.6, 
          "1": 1593.6, 
          "2": 2150.4, 
          "3": 2150.4
        }
      ], 
      "cpu_freqs_before": [
        {
          "0": 1593.6, 
          "1": 1593.6, 
          "2": 2150.4, 
          "3": 2150.4
        }
      ], 
      "image_height": 3024, 
      "image_width": 4032, 
      "prediction": "---------- Prediction for /sdcard/openscience/data/4a6e91d75d682cec/demo/mouse1.jpg ----------\n0.9003 - \"n03793489 mouse, computer mouse\"\n0.0118 - \"n03929660 pick, plectrum, plectron\"\n0.0081 - \"n04317175 stethoscope\"\n0.0058 - \"n04548280 wall clock\"\n0.0058 - \"n04286575 spotlight, spot\"\n", 
      "time": [
        707, 
        973, 
        693
      ], 
      "user": "", 
      "xopenme": {
        "execution_time": [
          0.046061, 
          0.04778, 
          0.05065
        ], 
        "execution_time_kernel_0": [
          0.046061, 
          0.04778, 
          0.05065
        ], 
        "execution_time_kernel_1": [
          0.275552, 
          0.276914, 
          0.271512
        ], 
        "execution_time_kernel_2": [
          0.245991, 
          0.526166, 
          0.225736
        ]
      }
    }, 
    {
      "behavior_uid": "39f2f51e95da409b", 
      "cpu_freqs_after": [
        {
          "0": 1593.6, 
          "1": 1593.6, 
          "2": 2150.4, 
          "3": 2150.4
        }, 
        {
          "0": 1593.6, 
          "1": 1593.6, 
          "2": 2150.4, 
          "3": 2150.4
        }
      ], 
      "cpu_freqs_before": [
        {
          "0": 1593.6, 
          "1": 1593.6, 
          "2": 2150.4, 
          "3": 2150.4
        }, 
        {
          "0": 1593.6, 
          "1": 1593.6, 
          "2": 2150.4, 
          "3": 2150.4
        }
      ], 
      "image_height": 2000, 
      "image_width": 1440, 
      "mispredictions": [
        {
          "correct_answer": "Golf Cup", 
          "mispredicted_image": "misprediction-image-a8a4d19899712ed5.jpg", 
          "misprediction_results": "---------- Prediction for /storage/emulated/0/DCIM/Screenshots/Screenshot_20170217-221639.png ----------\n0.3278 - \"n04049303 rain barrel\"\n0.1377 - \"n04254120 soap dispenser\"\n0.0427 - \"n04208210 shovel\"\n0.0250 - \"n03970156 plunger, plumber's helper\"\n0.0245 - \"n04447861 toilet seat\"\n"
        }
      ], 
      "prediction": "---------- Prediction for /storage/emulated/0/DCIM/Screenshots/Screenshot_20170217-221639.png ----------\n0.3278 - \"n04049303 rain barrel\"\n0.1377 - \"n04254120 soap dispenser\"\n0.0427 - \"n04208210 shovel\"\n0.0250 - \"n03970156 plunger, plumber's helper\"\n0.0245 - \"n04447861 toilet seat\"\n", 
      "time": [
        1136, 
        528, 
        565, 
        1210, 
        1227, 
        1107
      ], 
      "user": "", 
      "xopenme": {
        "execution_time": [
          0.062109, 
          0.045676, 
          0.044311, 
          0.047669, 
          0.066758, 
          0.068891
        ], 
        "execution_time_kernel_0": [
          0.062109, 
          0.045676, 
          0.044311, 
          0.047669, 
          0.066758, 
          0.068891
        ], 
        "execution_time_kernel_1": [
          0.098703, 
          0.057076, 
          0.057507, 
          0.057119, 
          0.078354, 
          0.078091
        ], 
        "execution_time_kernel_2": [
          0.882405, 
          0.321267, 
          0.365636, 
          0.963337, 
          0.937443, 
          0.806165
        ]
      }
    }
  ], 
  "meta": {
    "cpu_abi": "arm64-v8a", 
    "cpu_name": "Qualcomm Technologies, Inc MSM8996", 
    "cpu_uid": "1469b9e209e7bc37", 
    "crowd_uid": "97fd474c94b90ed3", 
    "engine": "Caffe CPU", 
    "gpgpu_name": "", 
    "gpgpu_uid": "", 
    "gpu_name": "Qualcomm Adreno (TM) 530", 
    "gpu_uid": "47a7bfca16923990", 
    "model": "DeepScale SqueezeNet 1.1", 
    "os_name": "Android 6.0.1", 
    "os_uid": "3285b3153a9a4ea4", 
    "plat_name": "SAMSUNG SM-G935A", 
    "platform_uid": ""
  }
}
