{
  "all_raw_results": [
    {
      "behavior_uid": "871e4980449d9b43", 
      "cpu_freqs_after": [
        {
          "0": 1459.2, 
          "1": 1459.2, 
          "2": 1459.2, 
          "3": 1459.2, 
          "4": 1113.6, 
          "5": 1113.6, 
          "6": 1113.6, 
          "7": 1113.6
        }, 
        {
          "0": 1459.2, 
          "1": 1459.2, 
          "2": 1459.2, 
          "3": 1459.2, 
          "4": 1113.6, 
          "5": 1113.6, 
          "6": 1113.6, 
          "7": 1113.6
        }
      ], 
      "cpu_freqs_before": [
        {
          "0": 1459.2, 
          "1": 1459.2, 
          "2": 1459.2, 
          "3": 1459.2, 
          "4": 1113.6, 
          "5": 1113.6, 
          "6": 1113.6, 
          "7": 1113.6
        }, 
        {
          "0": 1459.2, 
          "1": 1459.2, 
          "2": 1459.2, 
          "3": 1459.2, 
          "4": 1113.6, 
          "5": 1113.6, 
          "6": 1113.6, 
          "7": 1113.6
        }
      ], 
      "image_height": 144, 
      "image_width": 176, 
      "prediction": "0.4615 - \"n03376595 folding chair\"\n0.2260 - \"n03201208 dining table, board\"\n0.1105 - \"n04336792 stretcher\"\n0.0554 - \"n04179913 sewing machine\"\n0.0133 - \"n03899768 patio, terrace\"\n", 
      "time": [
        18055, 
        17547, 
        17179, 
        17592, 
        16109, 
        16289
      ], 
      "user": "", 
      "xopenme": {
        "execution_time": [
          16.284772, 
          16.108048, 
          15.529607, 
          16.014868, 
          14.179026, 
          14.676675
        ], 
        "execution_time_kernel_0": [
          16.284772, 
          16.108048, 
          15.529607, 
          16.014868, 
          14.179026, 
          14.676675
        ], 
        "execution_time_kernel_1": [
          0.017634, 
          0.012978, 
          0.01714, 
          0.018111, 
          0.039338, 
          0.014311
        ], 
        "execution_time_kernel_2": [
          1.533478, 
          1.207682, 
          1.413229, 
          1.357363, 
          1.615565, 
          1.318653
        ]
      }
    }
  ], 
  "meta": {
    "cpu_abi": "arm64-v8a", 
    "cpu_name": "Qualcomm Technologies, Inc MSM8939", 
    "cpu_uid": "c399263229d60808", 
    "crowd_uid": "a7340ffbefcb5923", 
    "engine": "Caffe CPU", 
    "gpgpu_name": "", 
    "gpgpu_uid": "", 
    "gpu_name": "Qualcomm Adreno (TM) 405", 
    "gpu_uid": "c5bebc57566d5cd2", 
    "model": "BVLC AlexNet", 
    "os_name": "Android 5.0", 
    "os_uid": "9a480940498fbb11", 
    "plat_name": "SONY E2306", 
    "platform_uid": ""
  }
}
